Altitude,440,490,,,,,,,,
Air Density ,1.15,,,,,,,,,
Flow Speed/Deployment,0.1,0.2,0.3,0.4,0.5,0.6,0.7,0.8,0.9,1
15,0.003920843,0.009470506,0.017567824,0.026389435,0.034854806,0.043049564,0.050995292,0.059252834,0.06824962,0.07763628
19.28571429,0.004111879,0.0096293,0.017590741,0.026424516,0.034883494,0.043058896,0.051018203,0.059242775,0.068310108,0.077800475
23.57142857,0.004337332,0.009742451,0.017619041,0.026447318,0.034913127,0.043078384,0.051041778,0.059236545,0.06835357,0.077890552
27.85714286,0.004456089,0.009831735,0.017654594,0.026471124,0.034942443,0.043113164,0.051068536,0.059241696,0.068410344,0.077962559
32.14285714,0.004549774,0.0099109,0.017694917,0.026503433,0.034969828,0.043152334,0.051097096,0.059250303,0.068474735,0.078041592
36.42857143,0.004625475,0.009974311,0.017740375,0.026541062,0.034998409,0.043192964,0.051124964,0.059261306,0.068536017,0.078116052
40.71428571,0.004687954,0.010029765,0.017788182,0.026578909,0.035026791,0.043231386,0.05115389,0.059272508,0.068586444,0.078168014
45,0.004741532,0.010078173,0.01783608,0.026616862,0.035054149,0.043265656,0.05118474,0.059284137,0.068634038,0.078219372
