Altitude,490,515
Air Density ,1.145,
Flow Speed/Deployment,0.10000000000000001,0.20000000000000001,0.29999999999999999,0.40000000000000002,0.5,0.59999999999999998,0.69999999999999996,0.80000000000000004,0.90000000000000002,1
0,0,0,0,0,0,0,0,0,0,0
2.2727272730000001,4.72e-05,0.000123872,0.00026375200000000002,0.00041810799999999999,0.00056501100000000003,0.00069722100000000004,0.00082444300000000001,0.00095636600000000005,0.00109219,0.00123824
4.5454545450000001,2.06e-04,0.00056903300000000004,0.0011425599999999999,0.0017213199999999999,0.0022797099999999999,0.0028022799999999999,0.00331395,0.00384994,0.0044144400000000004,0.0050126800000000003
6.8181818180000002,4.85e-04,0.00132335,0.0025744399999999999,0.0038737099999999998,0.0051190599999999999,0.0063058999999999997,0.0074643699999999997,0.0086786399999999996,0.0099625600000000005,0.011307299999999999
9.0909090910000003,8.98e-04,0.0023946000000000002,0.0045794499999999997,0.0068895700000000002,0.0091018399999999999,0.011223800000000001,0.0132891,0.0154491,0.0177533,0.020161700000000001
11.363636359999999,1.46e-03,0.0037914899999999998,0.0071560399999999998,0.0107598,0.014214900000000001,0.0175493,0.020779200000000001,0.024154999999999999,0.027782600000000001,0.031574600000000001
13.636363640000001,2.25e-03,0.0055237899999999998,0.010310400000000001,0.0154913,0.020464599999999999,0.025275499999999999,0.029935699999999999,0.034790000000000001,0.040051200000000002,0.045538599999999999
15.90909091,3.17e-03,0.0075970999999999999,0.0140435,0.021096,0.027857699999999999,0.034407300000000002,0.040759299999999998,0.047352900000000003,0.054559799999999999,0.062079599999999999
18.18181818,4.24e-03,0.010012,0.018354599999999999,0.027574399999999999,0.036402999999999998,0.044944600000000001,0.053248299999999998,0.061842300000000003,0.0712946,0.081173700000000001
20.454545450000001,5.48e-03,0.012763099999999999,0.023249200000000001,0.034917999999999998,0.046095999999999998,0.056890099999999999,0.067408599999999999,0.0782635,0.090256000000000003,0.10281800000000001
22.727272729999999,7.02e-03,0.015853599999999999,0.028727200000000001,0.043128399999999997,0.056933499999999998,0.070252800000000004,0.083242099999999999,0.096615099999999995,0.111467,0.12701399999999999
25,8.64e-03,0.019285099999999999,0.034790599999999998,0.052207499999999997,0.068919900000000006,0.085034299999999993,0.100745,0.116906,0.13492999999999999,0.15376500000000001
