Atitude (AGL),Atitude (Sealevel),Vertical Velocity (m/s),Drag Force (N)
289.83999999999997,249.84,73.677000000000007,11.951000000000001
293.50599999999997,253.506,72.956000000000003,11.708
297.13600000000002,257.13600000000002,72.239000000000004,11.465999999999999
300.73000000000002,260.73000000000002,71.525000000000006,11.234
304.28800000000001,264.28800000000001,70.814999999999998,11.007
307.81200000000001,267.81200000000001,70.108999999999995,10.782
311.29899999999998,271.29899999999998,69.406999999999996,10.557
314.75200000000001,274.75200000000001,68.710999999999999,10.337
318.17099999999999,278.17099999999999,68.019999999999996,10.124000000000001
321.55399999999997,281.55399999999997,67.334000000000003,9.9220000000000006
324.904,284.904,66.652000000000001,9.7219999999999995
328.197,288.197,65.980000000000004,9.5210000000000008
331.47899999999998,291.47899999999998,65.305999999999997,9.3179999999999996
334.72699999999998,294.72699999999998,64.635000000000005,9.1229999999999993
337.94200000000001,297.94200000000001,63.966000000000001,8.9369999999999994
341.12400000000002,301.12400000000002,63.299999999999997,8.7520000000000007
344.27199999999999,304.27199999999999,62.637999999999998,8.5670000000000002
347.38799999999998,307.38799999999998,61.978999999999999,8.3810000000000002
350.47000000000003,310.47000000000003,61.326000000000001,8.1999999999999993
353.51999999999998,313.51999999999998,60.677,8.0269999999999992
356.53800000000001,316.53800000000001,60.031999999999996,7.8570000000000002
359.524,319.524,59.390999999999998,7.694
362.47699999999998,322.47699999999998,58.753999999999998,7.5279999999999996
365.399,325.399,58.119,7.3600000000000003
368.28899999999999,328.28899999999999,57.487000000000002,7.1959999999999997
371.14800000000002,331.14800000000002,56.856999999999999,7.0389999999999997
373.97500000000002,333.97500000000002,56.228999999999999,6.8860000000000001
376.77100000000002,336.77100000000002,55.601999999999997,6.734
379.53500000000003,339.53500000000003,54.978999999999999,6.5800000000000001
382.26900000000001,342.26900000000001,54.359999999999999,6.4269999999999996
384.971,344.971,53.744999999999997,6.2779999999999996
387.64299999999997,347.64299999999997,53.133000000000003,6.1319999999999997
390.28500000000003,350.28500000000003,52.524999999999999,5.9930000000000003
392.89600000000002,352.89600000000002,51.920999999999999,5.859
395.47699999999998,355.47699999999998,51.319000000000003,5.7220000000000004
398.02800000000002,358.02800000000002,50.719999999999999,5.5899999999999999
400.54899999999998,360.54899999999998,50.124000000000002,5.4560000000000004
403.04000000000002,363.04000000000002,49.530000000000001,5.3259999999999996
405.50200000000001,365.50200000000001,48.936999999999998,5.1989999999999998
407.93400000000003,367.93400000000003,48.345999999999997,5.0750000000000002
410.33600000000001,370.33600000000001,47.756,4.9550000000000001
412.709,372.709,47.167000000000002,4.8360000000000003
415.053,375.053,46.579999999999998,4.7149999999999999
417.36799999999999,377.36799999999999,45.996000000000002,4.5910000000000002
419.65300000000002,379.65300000000002,45.415999999999997,4.4710000000000001
421.90899999999999,381.90899999999999,44.840000000000003,4.3579999999999997
424.137,384.137,44.267000000000003,4.2530000000000001
426.33600000000001,386.33600000000001,43.697000000000003,4.1529999999999996
428.50700000000001,388.50700000000001,43.128999999999998,4.0439999999999996
430.649,390.649,42.563000000000002,3.9390000000000001
432.76299999999998,392.76299999999998,42,3.831
434.84899999999999,394.84899999999999,41.438000000000002,3.722
436.90699999999998,396.90699999999998,40.877000000000002,3.6230000000000002
438.93700000000001,398.93700000000001,40.317999999999998,3.5230000000000001
440.93900000000002,400.93900000000002,39.759,3.4279999999999999
442.91300000000001,402.91300000000001,39.201999999999998,3.3370000000000002
444.85899999999998,404.85899999999998,38.646000000000001,3.246
446.77699999999999,406.77699999999999,38.091999999999999,3.1560000000000001
448.66800000000001,408.66800000000001,37.539000000000001,3.0659999999999998
450.53100000000001,410.53100000000001,36.988999999999997,2.9750000000000001
452.36700000000002,412.36700000000002,36.439999999999998,2.8849999999999998
454.17500000000001,414.17500000000001,35.893000000000001,2.7999999999999998
455.95600000000002,415.95600000000002,35.350000000000001,2.718
457.70999999999998,417.70999999999998,34.808999999999997,2.6389999999999998
459.43700000000001,419.43700000000001,34.270000000000003,2.5640000000000001
461.137,421.137,33.732999999999997,2.4910000000000001
462.81,422.81,33.198,2.4140000000000001
464.45699999999999,424.45699999999999,32.664000000000001,2.3330000000000002
466.077,426.077,32.131,2.2599999999999998
467.67000000000002,427.67000000000002,31.600000000000001,2.1819999999999999
469.23700000000002,429.23700000000002,31.068999999999999,2.1080000000000001
470.77699999999999,430.77699999999999,30.539999999999999,2.0369999999999999
472.291,432.291,30.010999999999999,1.97
473.77800000000002,433.77800000000002,29.483000000000001,1.9039999999999999
475.23899999999998,435.23899999999998,28.957000000000001,1.839
476.67399999999998,436.67399999999998,28.431000000000001,1.7769999999999999
478.08199999999999,438.08199999999999,27.905999999999999,1.7130000000000001
479.46499999999997,439.46499999999997,27.382000000000001,1.6519999999999999
480.82100000000003,440.82100000000003,26.859000000000002,1.591
482.14999999999998,442.14999999999998,26.337,1.53
483.45400000000001,443.45400000000001,25.817,1.4710000000000001
484.73200000000003,444.73200000000003,25.297999999999998,1.413
485.98399999999998,445.98399999999998,24.780999999999999,1.359
487.20999999999998,447.20999999999998,24.265999999999998,1.306
488.411,448.411,23.751999999999999,1.252
489.58600000000001,449.58600000000001,23.239999999999998,1.2030000000000001
490.73500000000001,450.73500000000001,22.728999999999999,1.159
491.85899999999998,451.85899999999998,22.219000000000001,1.1100000000000001
492.95699999999999,452.95699999999999,21.710000000000001,1.0640000000000001
494.02999999999997,454.02999999999997,21.202999999999999,1.0169999999999999
494.80799999999999,454.80799999999999,20.827000000000002,0.98299999999999998
495.83699999999999,455.83699999999999,20.321000000000002,0.93799999999999994
496.83999999999997,456.83999999999997,19.815999999999999,0.89900000000000002
497.81799999999998,457.81799999999998,19.311,0.86399999999999999
498.77100000000002,458.77100000000002,18.808,0.81799999999999995
499.69900000000001,459.69900000000001,18.305,0.77600000000000002
500.60199999999998,460.60199999999998,17.803000000000001,0.73399999999999999
501.48000000000002,461.48000000000002,17.300999999999998,0.69099999999999995
502.33199999999999,462.33199999999999,16.798999999999999,0.65300000000000002
503.16000000000003,463.16000000000003,16.298999999999999,0.621
503.96199999999999,463.96199999999999,15.798,0.58799999999999997
504.73899999999998,464.73899999999998,15.298999999999999,0.55300000000000005
505.49200000000002,465.49200000000002,14.800000000000001,0.51900000000000002
506.21899999999999,466.21899999999999,14.301,0.48899999999999999
506.92200000000003,466.92200000000003,13.803000000000001,0.46000000000000002
507.60000000000002,467.60000000000002,13.305,0.43099999999999999
508.25200000000001,468.25200000000001,12.808,0.40500000000000003
508.88,468.88,12.311999999999999,0.379
509.48399999999998,469.48399999999998,11.816000000000001,0.35999999999999999
510.06200000000001,470.06200000000001,11.321999999999999,0.33500000000000002
510.61599999999999,470.61599999999999,10.827,0.311
511.14499999999998,471.14499999999998,10.334,0.29199999999999998
511.649,471.649,9.8409999999999993,0.27200000000000002
512.12900000000002,472.12900000000002,9.3480000000000008,0.254
512.58399999999995,472.584,8.8569999999999993,0.23799999999999999
513.01499999999999,473.01499999999999,8.3650000000000002,0.221
513.42100000000005,473.42099999999999,7.875,0.21199999999999999
513.80200000000002,473.80200000000002,7.3849999999999998,0.19400000000000001
514.15899999999999,474.15899999999999,6.8959999999999999,0.18099999999999999
514.49199999999996,474.49200000000002,6.407,0.17100000000000001
514.79999999999995,474.80000000000001,5.9189999999999996,0.16200000000000001
515.08399999999995,475.084,5.431,0.155
515.34299999999996,475.34300000000002,4.9450000000000003,0.14499999999999999
515.57799999999997,475.57799999999997,4.4589999999999996,0.13900000000000001
515.78899999999999,475.78899999999999,3.9750000000000001,0.128
515.976,475.976,3.4910000000000001,0.122
516.13800000000003,476.13799999999998,3.0099999999999998,0.114
516.27700000000004,476.27699999999999,2.5289999999999999,0.10000000000000001
516.39099999999996,476.39100000000002,2.048,0.089999999999999997
516.48099999999999,476.48099999999999,1.569,0.079000000000000001
516.548,476.548,1.091,0.069000000000000006
516.59100000000001,476.59100000000001,0.61499999999999999,0.058999999999999997
516.60900000000004,476.60899999999998,0.14000000000000001,0.050999999999999997
