Atitude (AGL),Atitude (Sealevel),Vertical Velocity (m/s),Drag Coefficient
289.83999999999997,249.84,73.677000000000007,0.66100000000000003
293.50599999999997,253.506,72.956000000000003,0.66100000000000003
297.13600000000002,257.13600000000002,72.239000000000004,0.66100000000000003
300.73000000000002,260.73000000000002,71.525000000000006,0.66000000000000003
304.28800000000001,264.28800000000001,70.814999999999998,0.66000000000000003
307.81200000000001,267.81200000000001,70.108999999999995,0.66000000000000003
311.29899999999998,271.29899999999998,69.406999999999996,0.66000000000000003
314.75200000000001,274.75200000000001,68.710999999999999,0.65900000000000003
318.17099999999999,278.17099999999999,68.019999999999996,0.65900000000000003
321.55399999999997,281.55399999999997,67.334000000000003,0.65900000000000003
324.904,284.904,66.652000000000001,0.65900000000000003
328.197,288.197,65.980000000000004,0.65900000000000003
331.47899999999998,291.47899999999998,65.305999999999997,0.65800000000000003
334.72699999999998,294.72699999999998,64.635000000000005,0.65800000000000003
337.94200000000001,297.94200000000001,63.966000000000001,0.65800000000000003
341.12400000000002,301.12400000000002,63.299999999999997,0.65800000000000003
344.27199999999999,304.27199999999999,62.637999999999998,0.65800000000000003
347.38799999999998,307.38799999999998,61.978999999999999,0.65800000000000003
350.47000000000003,310.47000000000003,61.326000000000001,0.65700000000000003
353.51999999999998,313.51999999999998,60.677,0.65700000000000003
356.53800000000001,316.53800000000001,60.031999999999996,0.65700000000000003
359.524,319.524,59.390999999999998,0.65700000000000003
362.47699999999998,322.47699999999998,58.753999999999998,0.65700000000000003
365.399,325.399,58.119,0.65700000000000003
368.28899999999999,328.28899999999999,57.487000000000002,0.65600000000000003
371.14800000000002,331.14800000000002,56.856999999999999,0.65600000000000003
373.97500000000002,333.97500000000002,56.228999999999999,0.65600000000000003
376.77100000000002,336.77100000000002,55.601999999999997,0.65600000000000003
379.53500000000003,339.53500000000003,54.978999999999999,0.65600000000000003
382.26900000000001,342.26900000000001,54.359999999999999,0.65600000000000003
384.971,344.971,53.744999999999997,0.65500000000000003
387.64299999999997,347.64299999999997,53.133000000000003,0.65500000000000003
390.28500000000003,350.28500000000003,52.524999999999999,0.65500000000000003
392.89600000000002,352.89600000000002,51.920999999999999,0.65500000000000003
395.47699999999998,355.47699999999998,51.319000000000003,0.65500000000000003
398.02800000000002,358.02800000000002,50.719999999999999,0.65500000000000003
400.54899999999998,360.54899999999998,50.124000000000002,0.65500000000000003
403.04000000000002,363.04000000000002,49.530000000000001,0.65400000000000003
405.50200000000001,365.50200000000001,48.936999999999998,0.65400000000000003
407.93400000000003,367.93400000000003,48.345999999999997,0.65400000000000003
410.33600000000001,370.33600000000001,47.756,0.65400000000000003
412.709,372.709,47.167000000000002,0.65400000000000003
415.053,375.053,46.579999999999998,0.65400000000000003
417.36799999999999,377.36799999999999,45.996000000000002,0.65400000000000003
419.65300000000002,379.65300000000002,45.415999999999997,0.65400000000000003
421.90899999999999,381.90899999999999,44.840000000000003,0.65400000000000003
424.137,384.137,44.267000000000003,0.65300000000000002
426.33600000000001,386.33600000000001,43.697000000000003,0.65300000000000002
428.50700000000001,388.50700000000001,43.128999999999998,0.65300000000000002
430.649,390.649,42.563000000000002,0.65300000000000002
432.76299999999998,392.76299999999998,42,0.65300000000000002
434.84899999999999,394.84899999999999,41.438000000000002,0.65300000000000002
436.90699999999998,396.90699999999998,40.877000000000002,0.65300000000000002
438.93700000000001,398.93700000000001,40.317999999999998,0.65300000000000002
440.93900000000002,400.93900000000002,39.759,0.65300000000000002
442.91300000000001,402.91300000000001,39.201999999999998,0.65200000000000002
444.85899999999998,404.85899999999998,38.646000000000001,0.65200000000000002
446.77699999999999,406.77699999999999,38.091999999999999,0.65200000000000002
448.66800000000001,408.66800000000001,37.539000000000001,0.65200000000000002
450.53100000000001,410.53100000000001,36.988999999999997,0.65200000000000002
452.36700000000002,412.36700000000002,36.439999999999998,0.65200000000000002
454.17500000000001,414.17500000000001,35.893000000000001,0.65200000000000002
455.95600000000002,415.95600000000002,35.350000000000001,0.65200000000000002
457.70999999999998,417.70999999999998,34.808999999999997,0.65200000000000002
459.43700000000001,419.43700000000001,34.270000000000003,0.65200000000000002
461.137,421.137,33.732999999999997,0.65200000000000002
462.81,422.81,33.198,0.65100000000000002
464.45699999999999,424.45699999999999,32.664000000000001,0.65100000000000002
466.077,426.077,32.131,0.65100000000000002
467.67000000000002,427.67000000000002,31.600000000000001,0.65100000000000002
469.23700000000002,429.23700000000002,31.068999999999999,0.65100000000000002
470.77699999999999,430.77699999999999,30.539999999999999,0.65100000000000002
472.291,432.291,30.010999999999999,0.65100000000000002
473.77800000000002,433.77800000000002,29.483000000000001,0.65100000000000002
475.23899999999998,435.23899999999998,28.957000000000001,0.65100000000000002
476.67399999999998,436.67399999999998,28.431000000000001,0.65100000000000002
478.08199999999999,438.08199999999999,27.905999999999999,0.65100000000000002
479.46499999999997,439.46499999999997,27.382000000000001,0.65100000000000002
480.82100000000003,440.82100000000003,26.859000000000002,0.65100000000000002
482.14999999999998,442.14999999999998,26.337,0.65100000000000002
483.45400000000001,443.45400000000001,25.817,0.65000000000000002
484.73200000000003,444.73200000000003,25.297999999999998,0.65000000000000002
485.98399999999998,445.98399999999998,24.780999999999999,0.65000000000000002
487.20999999999998,447.20999999999998,24.265999999999998,0.65000000000000002
488.411,448.411,23.751999999999999,0.65000000000000002
489.58600000000001,449.58600000000001,23.239999999999998,0.65000000000000002
490.73500000000001,450.73500000000001,22.728999999999999,0.65000000000000002
491.85899999999998,451.85899999999998,22.219000000000001,0.65000000000000002
492.95699999999999,452.95699999999999,21.710000000000001,0.65000000000000002
494.02999999999997,454.02999999999997,21.202999999999999,0.65000000000000002
494.80799999999999,454.80799999999999,20.827000000000002,0.65000000000000002
495.83699999999999,455.83699999999999,20.321000000000002,0.65000000000000002
496.83999999999997,456.83999999999997,19.815999999999999,0.65000000000000002
497.81799999999998,457.81799999999998,19.311,0.65000000000000002
498.77100000000002,458.77100000000002,18.808,0.65000000000000002
499.69900000000001,459.69900000000001,18.305,0.65000000000000002
500.60199999999998,460.60199999999998,17.803000000000001,0.64900000000000002
501.48000000000002,461.48000000000002,17.300999999999998,0.64900000000000002
502.33199999999999,462.33199999999999,16.798999999999999,0.64900000000000002
503.16000000000003,463.16000000000003,16.298999999999999,0.64900000000000002
503.96199999999999,463.96199999999999,15.798,0.64900000000000002
504.73899999999998,464.73899999999998,15.298999999999999,0.64900000000000002
505.49200000000002,465.49200000000002,14.800000000000001,0.64900000000000002
506.21899999999999,466.21899999999999,14.301,0.64900000000000002
506.92200000000003,466.92200000000003,13.803000000000001,0.64900000000000002
507.60000000000002,467.60000000000002,13.305,0.64900000000000002
508.25200000000001,468.25200000000001,12.808,0.64900000000000002
508.88,468.88,12.311999999999999,0.64900000000000002
509.48399999999998,469.48399999999998,11.816000000000001,0.64900000000000002
510.06200000000001,470.06200000000001,11.321999999999999,0.64900000000000002
510.61599999999999,470.61599999999999,10.827,0.64900000000000002
511.14499999999998,471.14499999999998,10.334,0.65000000000000002
511.649,471.649,9.8409999999999993,0.65100000000000002
512.12900000000002,472.12900000000002,9.3480000000000008,0.65200000000000002
512.58399999999995,472.584,8.8569999999999993,0.65300000000000002
513.01499999999999,473.01499999999999,8.3650000000000002,0.65500000000000003
513.42100000000005,473.42099999999999,7.875,0.65600000000000003
513.80200000000002,473.80200000000002,7.3849999999999998,0.65700000000000003
514.15899999999999,474.15899999999999,6.8959999999999999,0.65900000000000003
514.49199999999996,474.49200000000002,6.407,0.66000000000000003
514.79999999999995,474.80000000000001,5.9189999999999996,0.66200000000000003
515.08399999999995,475.084,5.431,0.66300000000000003
515.34299999999996,475.34300000000002,4.9450000000000003,0.66500000000000004
515.57799999999997,475.57799999999997,4.4589999999999996,0.66600000000000004
515.78899999999999,475.78899999999999,3.9750000000000001,0.66800000000000004
515.976,475.976,3.4910000000000001,0.66900000000000004
516.13800000000003,476.13799999999998,3.0099999999999998,0.66900000000000004
516.27700000000004,476.27699999999999,2.5289999999999999,0.67100000000000004
516.39099999999996,476.39100000000002,2.048,0.67300000000000004
516.48099999999999,476.48099999999999,1.569,0.67400000000000004
516.548,476.548,1.091,0.67500000000000004
516.59100000000001,476.59100000000001,0.61499999999999999,0.67600000000000005
516.60900000000004,476.60899999999998,0.14000000000000001,0.67600000000000005
