Air Density,0.9428,,,,,,,,
Velocity/Deployment,10,20,30,40,50,60,70,80,90
0,0,0,0,0,0,0,0,0,0
1,0.009371,0.0269008,0.0502012,0.0743548,0.0962217,0.115328,0.130284,0.14427,0.156172
2,0.0105118,0.0293479,0.0537171,0.0778472,0.0995396,0.11823,0.132821,0.146461,0.158466
3,0.0110445,0.0302669,0.0549269,0.0791383,0.100955,0.119494,0.1341,0.147633,0.159765
4,0.0114513,0.030835,0.0555749,0.0798454,0.101642,0.120151,0.134809,0.148239,0.160495
5,0.0117771,0.0312095,0.0559371,0.0803174,0.102049,0.12051,0.135226,0.148556,0.160934
7.5,0.0123596,0.0316866,0.0562445,0.0808578,0.102462,0.120799,0.135611,0.148828,0.161344
10,0.0127732,0.0319326,0.0563767,0.0811086,0.102646,0.120912,0.135738,0.148976,0.16151
24.9,0.0144511,0.0332509,0.0577251,0.0825171,0.103851,0.121976,0.13681,0.150187,0.162803
49.8,0.0157244,0.0348664,0.0587828,0.0835503,0.104826,0.122811,0.137572,0.150946,0.163744
99.6,0.0168058,0.0365437,0.0597223,0.0844506,0.105624,0.12352,0.138186,0.151484,0.164393
199.2,0.0176375,0.0374119,0.0605467,0.085156,0.106254,0.124057,0.138634,0.15187,0.164839
298.7,0.0180577,0.0389309,0.0609662,0.0855134,0.106557,0.124284,0.138846,0.152049,0.165018
373.4,0.0182746,0.0382504,0.061185,0.0856915,0.106712,0.1244,0.138951,0.152138,0.1651
